-- psql -U postgres -d oz_project -f query.sql

INSERT INTO idol_idol (name, en_name, debut_date, agency, description, profile_image, created_at, updated_at, is_active)
VALUES
('뉴진스', 'NewJeans', '2022-07-22', 'ADOR', '하입보이~', NULL, NOW(), NOW(), TRUE),
('르세라핌', 'LE SSERAFIM', '2022-05-02', 'Source Music', '세상에 맞서 당당히', NULL, NOW(), NOW(), TRUE),
('아이브', 'IVE', '2021-12-01', 'Starship Entertainment', '완성형 그룹', NULL, NOW(), NOW(), TRUE),
('에스파', 'aespa', '2020-11-17', 'SM Entertainment', 'AI 아바타 컨셉', NULL, NOW(), NOW(), TRUE),
('스테이씨', 'STAYC', '2020-11-12', 'High Up Entertainment', '수민 최고', NULL, NOW(), NOW(), TRUE),
('있지', 'ITZY', '2019-02-12', 'JYP Entertainment', '걸크러시의 정석', NULL, NOW(), NOW(), TRUE),
('트와이스', 'TWICE', '2015-10-20', 'JYP Entertainment', '원스 사랑해', NULL, NOW(), NOW(), TRUE),
('레드벨벳', 'Red Velvet', '2014-08-01', 'SM Entertainment', '레드와 벨벳의 조화', NULL, NOW(), NOW(), TRUE),
('블랙핑크', 'BLACKPINK', '2016-08-08', 'YG Entertainment', '세계적인 K-POP 스타', NULL, NOW(), NOW(), TRUE),
('마마무', 'MAMAMOO', '2014-06-19', 'RBW', '실력파 걸그룹', NULL, NOW(), NOW(), TRUE),
('소녀시대', 'Girls Generation', '2007-08-05', 'SM Entertainment', '국민 걸그룹', NULL, NOW(), NOW(), TRUE),
('카라', 'KARA', '2007-03-29', 'DSP Media', '2세대 대표 걸그룹', NULL, NOW(), NOW(), TRUE),
('씨스타', 'SISTAR', '2010-06-03', 'Starship Entertainment', '썸머 퀸', NULL, NOW(), NOW(), TRUE),
('러블리즈', 'Lovelyz', '2014-11-12', 'Woollim Entertainment', '청순돌', NULL, NOW(), NOW(), TRUE),
('오마이걸', 'OH MY GIRL', '2015-04-21', 'WM Entertainment', '콘셉트 요정', NULL, NOW(), NOW(), TRUE),
('드림캐쳐', 'Dreamcatcher', '2017-01-13', 'Dreamcatcher Company', '록 컨셉 독보적', NULL, NOW(), NOW(), TRUE),
('우주소녀', 'WJSN', '2016-02-25', 'Starship Entertainment', '우주처럼 다양한 매력', NULL, NOW(), NOW(), TRUE),
('이달의 소녀', 'LOONA', '2018-08-20', 'Blockberry Creative', '개별 데뷔 후 단체', NULL, NOW(), NOW(), TRUE),
('(여자)아이들', '(G)I-DLE', '2018-05-02', 'CUBE Entertainment', '자체 프로듀싱', NULL, NOW(), NOW(), TRUE),
('에버글로우', 'EVERGLOW', '2019-03-18', 'Yuehua Entertainment', '파워풀 퍼포먼스', NULL, NOW(), NOW(), TRUE);

INSERT INTO idol_idol_managers (idol_id, user_id)
VALUES
(37, 1),
(43, 1),
(32, 1),
(41, 1),
(21, 1),
(23, 1),
(25, 1),
(22, 1),
(24, 1),
(29, 1),
(31, 1),
(33, 1),
(34, 1),
(35, 1),
(36, 1),
(38, 1),
(39, 1),
(40, 1),
(42, 1),
(44, 1),
(45, 1),
(46, 1),
(47, 1),
(48, 1),
(49, 1),
(51, 1),
(50, 1);

INSERT INTO idol_schedule_schedule (user_id, idol_id, title, description, location, start_date, end_date, created_at, updated_at)
VALUES
(1, 37, '스케줄 1 for 아이돌 37', '아이돌 37의 일정 설명입니다.', '온라인', '2025-06-01 09:39:30', '2025-06-01 11:39:30', NOW(), NOW()),
(1, 43, '스케줄 1 for 아이돌 43', '아이돌 43의 일정 설명입니다.', '서울', '2025-06-02 09:39:30', '2025-06-02 11:39:30', NOW(), NOW()),
(1, 43, '스케줄 2 for 아이돌 43', '아이돌 43의 일정 설명입니다.', '서울', '2025-05-28 12:39:30', '2025-05-28 14:39:30', NOW(), NOW()),
(1, 43, '스케줄 3 for 아이돌 43', '아이돌 43의 일정 설명입니다.', '서울', '2025-06-14 13:39:30', '2025-06-14 15:39:30', NOW(), NOW()),
(1, 32, '스케줄 1 for 아이돌 32', '아이돌 32의 일정 설명입니다.', '미정', '2025-06-02 08:39:30', '2025-06-02 10:39:30', NOW(), NOW()),
(1, 41, '스케줄 1 for 아이돌 41', '아이돌 41의 일정 설명입니다.', '부산', '2025-06-07 02:39:30', '2025-06-07 04:39:30', NOW(), NOW()),
(1, 41, '스케줄 2 for 아이돌 41', '아이돌 41의 일정 설명입니다.', '서울', '2025-05-26 08:39:30', '2025-05-26 10:39:30', NOW(), NOW()),
(1, 21, '스케줄 1 for 아이돌 21', '아이돌 21의 일정 설명입니다.', '미정', '2025-06-04 11:39:30', '2025-06-04 13:39:30', NOW(), NOW()),
(1, 23, '스케줄 1 for 아이돌 23', '아이돌 23의 일정 설명입니다.', '온라인', '2025-05-31 10:39:30', '2025-05-31 12:39:30', NOW(), NOW()),
(1, 25, '스케줄 1 for 아이돌 25', '아이돌 25의 일정 설명입니다.', '미정', '2025-06-06 10:39:30', '2025-06-06 12:39:30', NOW(), NOW()),
(1, 22, '스케줄 1 for 아이돌 22', '아이돌 22의 일정 설명입니다.', '온라인', '2025-05-28 05:39:30', '2025-05-28 07:39:30', NOW(), NOW()),
(1, 22, '스케줄 2 for 아이돌 22', '아이돌 22의 일정 설명입니다.', '서울', '2025-05-24 11:39:30', '2025-05-24 13:39:30', NOW(), NOW()),
(1, 24, '스케줄 1 for 아이돌 24', '아이돌 24의 일정 설명입니다.', '온라인', '2025-06-18 00:39:30', '2025-06-18 02:39:30', NOW(), NOW()),
(1, 29, '스케줄 1 for 아이돌 29', '아이돌 29의 일정 설명입니다.', '미정', '2025-05-25 03:39:30', '2025-05-25 05:39:30', NOW(), NOW()),
(1, 31, '스케줄 1 for 아이돌 31', '아이돌 31의 일정 설명입니다.', '서울', '2025-05-27 11:39:30', '2025-05-27 13:39:30', NOW(), NOW()),
(1, 33, '스케줄 1 for 아이돌 33', '아이돌 33의 일정 설명입니다.', '미정', '2025-05-29 10:39:30', '2025-05-29 12:39:30', NOW(), NOW()),
(1, 34, '스케줄 1 for 아이돌 34', '아이돌 34의 일정 설명입니다.', '부산', '2025-06-05 09:39:30', '2025-06-05 11:39:30', NOW(), NOW()),
(1, 35, '스케줄 1 for 아이돌 35', '아이돌 35의 일정 설명입니다.', '서울', '2025-06-10 03:39:30', '2025-06-10 05:39:30', NOW(), NOW()),
(1, 36, '스케줄 1 for 아이돌 36', '아이돌 36의 일정 설명입니다.', '온라인', '2025-06-03 13:39:30', '2025-06-03 15:39:30', NOW(), NOW()),
(1, 38, '스케줄 1 for 아이돌 38', '아이돌 38의 일정 설명입니다.', '미정', '2025-05-23 06:39:30', '2025-05-23 08:39:30', NOW(), NOW()),
(1, 39, '스케줄 1 for 아이돌 39', '아이돌 39의 일정 설명입니다.', '서울', '2025-06-01 04:39:30', '2025-06-01 06:39:30', NOW(), NOW()),
(1, 39, '스케줄 2 for 아이돌 39', '아이돌 39의 일정 설명입니다.', '서울', '2025-06-16 01:39:30', '2025-06-16 03:39:30', NOW(), NOW()),
(1, 40, '스케줄 1 for 아이돌 40', '아이돌 40의 일정 설명입니다.', '부산', '2025-06-19 06:39:30', '2025-06-19 08:39:30', NOW(), NOW()),
(1, 42, '스케줄 1 for 아이돌 42', '아이돌 42의 일정 설명입니다.', '서울', '2025-06-04 01:39:30', '2025-06-04 03:39:30', NOW(), NOW()),
(1, 44, '스케줄 1 for 아이돌 44', '아이돌 44의 일정 설명입니다.', '부산', '2025-06-09 02:39:30', '2025-06-09 04:39:30', NOW(), NOW()),
(1, 45, '스케줄 1 for 아이돌 45', '아이돌 45의 일정 설명입니다.', '미정', '2025-06-06 04:39:30', '2025-06-06 06:39:30', NOW(), NOW()),
(1, 46, '스케줄 1 for 아이돌 46', '아이돌 46의 일정 설명입니다.', '부산', '2025-05-30 10:39:30', '2025-05-30 12:39:30', NOW(), NOW()),
(1, 47, '스케줄 1 for 아이돌 47', '아이돌 47의 일정 설명입니다.', '온라인', '2025-06-08 07:39:30', '2025-06-08 09:39:30', NOW(), NOW()),
(1, 48, '스케줄 1 for 아이돌 48', '아이돌 48의 일정 설명입니다.', '서울', '2025-06-13 06:39:30', '2025-06-13 08:39:30', NOW(), NOW()),
(1, 49, '스케줄 1 for 아이돌 49', '아이돌 49의 일정 설명입니다.', '부산', '2025-05-26 00:39:30', '2025-05-26 02:39:30', NOW(), NOW()),
(1, 51, '스케줄 1 for 아이돌 51', '아이돌 51의 일정 설명입니다.', '서울', '2025-06-12 10:39:30', '2025-06-12 12:39:30', NOW(), NOW()),
(1, 50, '스케줄 1 for 아이돌 50', '아이돌 50의 일정 설명입니다.', '서울', '2025-06-11 01:39:30', '2025-06-11 03:39:30', NOW(), NOW());

INSERT INTO idol_schedule_schedule (user_id, idol_id, title, description, location, start_date, end_date, created_at, updated_at)
VALUES
(1, 21, '아이돌 21 스케줄', '21번 아이돌의 고정 테스트 스케줄', '미정', '2025-05-20 10:00:00', '2025-05-20 12:00:00', NOW(), NOW()),
(1, 37, '아이돌 37 스케줄', '37번 아이돌의 고정 테스트 스케줄', '온라인', '2025-05-21 14:00:00', '2025-05-21 16:00:00', NOW(), NOW()),
(1, 24, '아이돌 24 스케줄', '24번 아이돌의 고정 테스트 스케줄', '미정', '2025-05-22 16:00:00', '2025-05-22 18:00:00', NOW(), NOW()),
(1, 50, '아이돌 50 스케줄', '50번 아이돌의 고정 테스트 스케줄', '서울', '2025-05-20 10:00:00', '2025-05-20 12:00:00', NOW(), NOW()),
(1, 42, '아이돌 42 스케줄', '42번 아이돌의 고정 테스트 스케줄', '서울', '2025-05-21 14:00:00', '2025-05-21 16:00:00', NOW(), NOW()),
(1, 31, '아이돌 31 스케줄', '31번 아이돌의 고정 테스트 스케줄', '부산', '2025-05-22 16:00:00', '2025-05-22 18:00:00', NOW(), NOW()),
(1, 44, '아이돌 44 스케줄', '44번 아이돌의 고정 테스트 스케줄', '서울', '2025-05-20 10:00:00', '2025-05-20 12:00:00', NOW(), NOW()),
(1, 32, '아이돌 32 스케줄', '32번 아이돌의 고정 테스트 스케줄', '부산', '2025-05-21 14:00:00', '2025-05-21 16:00:00', NOW(), NOW()),
(1, 23, '아이돌 23 스케줄', '23번 아이돌의 고정 테스트 스케줄', '온라인', '2025-05-22 16:00:00', '2025-05-22 18:00:00', NOW(), NOW()),
(1, 46, '아이돌 46 스케줄', '46번 아이돌의 고정 테스트 스케줄', '미정', '2025-05-20 10:00:00', '2025-05-20 12:00:00', NOW(), NOW());
